"fecha datos","cups","tarifa","fecha alta contrato","fecha fin ctto","fecha modificacion contrato","codigo comer","potencia contratada","nombre","pot P1","pot P2","pot P3","pot P4","pot P5","pot P6","tipo de punto","cod tipo de suministro","Tipo de suministro","sistema origen"
"2025-04-07","ES0022000004404423YW1P","3.0TD","2022-10-25","2025-03-24",,"0417","","ASERRADEROS MOSQUERA SL","110.000","110.000","110.000","110.000","110.000","110.000","3","TIPSS00005","NORMAL","ZEUS"
"2025-04-07","ES0022000008084922QH1P","3.0TD","2025-01-01","2025-03-30",,"1219","","NUFRI, S.L","220.000","220.000","220.000","220.000","220.000","220.000","3","TIPSS00005","NORMAL","ZEUS"
"2025-04-07","ES0022000001562308ZC1P","3.0TD","2025-03-31",,,"0927","85","CONSTRUCCIONES SANCHEZ","85.000","85.000","85.000","85.000","85.000","85.000","3","TIPSS00056","SIN TIPOLOGÍA ASIGNADA","ZEUS"
"2025-04-07","ES0022000008680816GM1P","3.0TD","2025-03-14",,"2025-04-01","1101","15,01","CENTRO MEDICO COSLADA SL","15.010","15.010","15.010","15.010","15.010","15.010","3","TIPSS00005","NORMAL","ZEUS"
"2025-04-07","ES0022000001526732DW1P","3.0TD","2024-11-15",,"2025-04-01","0770","86,6","CERAMICAS TECNICAS GALEGAS SL","86.600","86.600","86.600","86.600","86.600","86.600","3","TIPSS00056","SIN TIPOLOGÍA ASIGNADA","ZEUS"
"2025-04-07","ES0022000009095266ZH1P","3.0TD","2025-03-28",,,"0985","78","C P ALFONSO XIII 131","78.000","78.000","78.000","78.000","78.000","78.000","3","TIPSS00005","NORMAL","ZEUS"
"2025-04-07","ES0022000008908745RG1P","3.0TD","2025-04-01",,,"0750","90","MANUFACTURAS Y TRATAMIENTOS S.L.","90.000","90.000","90.000","90.000","90.000","90.000","3","TIPSS00005","NORMAL","ZEUS"
"2025-04-07","ES0022000007265305PY1P","3.0TD","2022-01-01","2025-03-04",,"0522","","HOSTELERIA MARINA BARCELONA, S.L.","115.000","115.000","115.000","115.000","115.000","115.000","3","TIPSS00005","NORMAL","ZEUS"
"2025-04-07","ES0022000001267774CR1P","3.0TD","2025-03-29",,,"0817","85","GESFRICO SL GESFRICO SL","35.000","35.000","35.000","35.000","35.000","85.000","3","TIPSS00005","NORMAL","ZEUS"
"2025-04-07","ES0022000001398967CW1P","3.0TD","2025-03-29",,,"0389","80","HEALTH IN CODE SL","20.000","20.000","20.000","20.000","20.000","80.000","3","TIPSS00005","NORMAL","ZEUS"
"2025-04-07","ES0022000008502009GT1P","3.0TD","2025-03-20",,,"0410","65,7","LIDL SUPERMERCADOS S.AU","15.000","15.000","15.000","15.000","15.000","65.700","3","TIPSS00005","NORMAL","ZEUS"
"2025-04-07","ES0022000008967795SJ1P","3.0TD","2024-05-04",,"2025-03-12","0091","86,6","ARENAL PERFUMERIAS SL","65.000","65.000","65.000","65.000","65.000","86.600","3","TIPSS00005","NORMAL","ZEUS"
"2025-04-07","ES0022000001574129EL1P","3.0TD","2025-03-31",,,"0927","55","C.P. RUA INÉS DE BEN","55.000","55.000","55.000","55.000","55.000","55.000","3","TIPSS00005","NORMAL","ZEUS"
"2025-04-07","ES0022000008769238FS1P","3.0TD","2025-04-01",,,"0973","90","TRANS SESE, S.L.","90.000","90.000","90.000","90.000","90.000","90.000","3","TIPSS00005","NORMAL","ZEUS"
"2025-04-07","ES0022000007872944TP1P","3.0TD","2025-04-01",,,"1219","86,6","MOTOR PACIFICO SL","86.600","86.600","86.600","86.600","86.600","86.600","3","TIPSS00005","NORMAL","ZEUS"
"2025-04-07","ES0022000006144042VQ1P","3.0TD","2025-04-01",,,"0869","50,001","EL GYM IBERIA, S.L.","50.001","50.001","50.001","50.001","50.001","50.001","3","TIPSS00005","NORMAL","ZEUS"
"2025-04-07","ES0022000007094119VD1P","3.0TD","2024-03-20","2025-03-27",,"0918","","KALOS KARMA SLU","56.000","56.000","56.000","56.000","56.000","56.000","3","TIPSS00005","NORMAL","ZEUS"
"2025-04-07","ES0022000006221628XT1P","3.0TD","2024-07-20",,"2025-04-02","0091","60","CASER, SA","50.000",,"50.000",,,,"3","TIPSS00005","NORMAL","ZEUS"
"2025-04-07","ES0022000009099086LC1P","3.0TD","2025-04-01",,,"1539","86","INGENIERIA SEMASA S.A","86.000","86.000","86.000","86.000","86.000","86.000","3","TIPSS00005","NORMAL","ZEUS"
"2025-04-07","ES0022000001469421RF1P","3.0TD","2024-04-12","2025-01-30",,"0389","","AGYFER 91 S.A.","150.000","150.000","150.000","150.000","150.000","150.000","3","TIPSS00008","SUMIN. DE OBRA FINCA","ZEUS"
"2025-04-07","ES0022000005427907TD1P","3.0TD","2025-04-01",,,"0417","66","MARIANO PASCUAL S.A.","30.000","30.000","30.000","30.000","30.000","66.000","3","TIPSS00005","NORMAL","ZEUS"
"2025-04-07","ES0022000008118896KK1P","3.0TD","2023-07-01",,"2025-03-25","0869","64","VEPERSA S.A.","52.000","52.000","52.000","52.000","52.000","64.000","3","TIPSS00005","NORMAL","ZEUS"
"2025-04-07","ES0022000008867975EJ1P","3.0TD","2025-04-01",,,"0770","75","AGRICOLA EL CASAR, S.L.","75.000","75.000","75.000","75.000","75.000","75.000","3","TIPSS00005","NORMAL","ZEUS"
"2025-04-07","ES0022000007145155MP1P","3.0TD","2025-03-29",,,"0817","55","PAZO DE CANEDO S.L.","55.000","55.000","55.000","55.000","55.000","55.000","3","TIPSS00001","FUERZA","ZEUS"
"2025-04-07","ES0022000008679460ZY1P","3.0TD","2025-04-01",,,"0850","69,2","J.RECAREY TRABA S.L.","69.200","69.200","69.200","69.200","69.200","69.200","3","TIPSS00005","NORMAL","ZEUS"
"2025-04-07","ES0022000007586762TS1P","3.0TD","2025-03-29",,,"1232","50,01","COMUNIDAD DE PROPIETARIOS","30.124","30.124","47.754","50.010","50.010","50.010","3","TIPSS00005","NORMAL","ZEUS"
"2025-04-07","ES0022000008991135HP1P","3.0TD","2025-04-01",,,"1049","80","ENERGIA NATALE S.L","80.000","80.000","80.000","80.000","80.000","80.000","3","TIPSS00005","NORMAL","ZEUS"
"2025-04-07","ES0022000006035352FR1P","3.0TD","2025-03-29",,,"1024","51","LINDA GUAJIRA S.L.","51.000","51.000","51.000","51.000","51.000","51.000","3","TIPSS00005","NORMAL","ZEUS"
"2025-04-07","ES0022000008860710MQ1P","3.0TD","2025-04-01",,,"0770","228","ALDIGAVIA OFICINAS SL","199.270","199.270","199.270","199.270","199.270","228.000","3","TIPSS00005","NORMAL","ZEUS"
"2025-04-07","ES0022000007121704CV1P","3.0TD","2023-04-15","2025-03-19",,"0750","","ORTIZ CONSTRUCCIONES","191.675","191.675","191.675","191.675","191.675","191.675","3","TIPSS00005","NORMAL","ZEUS"
"2025-04-07","ES0022000008184905QC1P","3.0TD","2023-09-26",,"2025-03-28","0389","61,33","INMOBILIARIA CORRAL SL","40.000","40.000","40.000","40.000","40.000","61.330","3","TIPSS00005","NORMAL","ZEUS"
"2025-04-07","ES0022000008176307BR1P","3.0TD","2025-03-29",,,"0967","50,82","MC MI CAPILAR TAHE SL","50.820","50.820","50.820","50.820","50.820","50.820","3","TIPSS00005","NORMAL","ZEUS"
"2025-04-07","ES0022000009132749BB1P","3.0TD","2025-04-01",,,"1049","70","ENERGIA NATALE S.L","70.000","70.000","70.000","70.000","70.000","70.000","3","TIPSS00005","NORMAL","ZEUS"
"2025-04-07","ES0022000009134567KN1P","3.0TD","2025-03-04",,"2025-03-07","1315","89","PAPELGA SL","89.000","89.000","89.000","89.000","89.000","89.000","3","TIPSS00001","FUERZA","ZEUS"
"2025-04-07","ES0022000006068729DM1P","3.0TD","2022-06-30",,"2025-03-27","0522","173,2","ACTIVOS INMOBILIARIOS VELAZQUEZ S.L.","173.200","173.200","173.200","173.200","173.200","173.200","3","TIPSS00005","NORMAL","ZEUS"
"2025-04-07","ES0022000007559533NH1P","3.0TD","2023-03-31",,"2025-04-06","0927","55,6","FERROVIAL ENERGIA S.A.","55.600","55.600","55.600","55.600","55.600","55.600","3","TIPSS00001","FUERZA","ZEUS"
"2025-04-07","ES0022000008676540WF1P","3.0TD","2025-03-19",,,"0499","85","CIMER LEVANTE, S.L.","10.000","10.000","10.000","10.000","10.000","85.000","3","TIPSS00005","NORMAL","ZEUS"
"2025-04-07","ES0022000008272351TC1P","3.0TD","2022-11-01","2023-01-22",,"0091","","CONSORCIO COMPENSACION SEGUROS","200.000","200.000","200.000","200.000","200.000","200.000","3","TIPSS00010","SECUND. DE SOCORRO","ZEUS"
"2025-04-07","ES0022000008285689MH1P","3.0TD","2025-03-08",,,"0927","62","PABLO MANUEL FERNANDEZ ALONSO","15.000","15.000","15.000","15.000","15.000","62.000","3","TIPSS00005","NORMAL","ZEUS"
"2025-04-07","ES0022000008999851YF1P","3.0TD","2023-01-01","2025-03-04",,"0927","","FEU VERT IBERICA SA","30.000","30.000","30.000","30.000","30.000","65.000","3","TIPSS00005","NORMAL","ZEUS"
"2025-04-07","ES0022000006207325DA1P","3.0TD","2025-04-01",,,"1491","100","DISTRIBUCIONES FROIZ S.A.U.","100.000","100.000","100.000","100.000","100.000","100.000","3","TIPSS00005","NORMAL","ZEUS"
"2025-04-07","ES0022000009128477DV1P","3.0TD","2025-04-01",,,"1469","60","TODO MANDO S.L","26.000","26.000","26.000","26.000","26.000","60.000","3","TIPSS00070","32-AUTOCONSUMO CONSUMIDOR CON EXCEDENTES CON COMPENSACIÓN INDIVIDUAL RED INTERIOR","ZEUS"
"2025-04-07","ES0022000008738013FR1P","3.0TD","2024-08-07",,"2025-03-04","0417","75","HAPPY GAMES SL","42.000","44.000","49.000","49.000","49.000","75.000","3","TIPSS00005","NORMAL","ZEUS"
"2025-04-07","ES0022000007093987BS1P","3.0TD","2025-04-01",,,"1232","82,5","ESTABLECIMIENTOS PLAZA, S.A.","70.000","82.500","82.500","82.500","82.500","82.500","3","TIPSS00005","NORMAL","ZEUS"
"2025-04-07","ES0022000001365787AB1P","3.0TD","2025-04-01",,,"0927","95","LIBERTY SEGUROS COMPAÑIA SEGUROS Y REA","95.000","95.000","95.000","95.000","95.000","95.000","3","TIPSS00056","SIN TIPOLOGÍA ASIGNADA","ZEUS"
"2025-04-07","ES0022000007191147GT1P","3.0TD","2024-09-17",,"2025-04-01","0417","15,001","ROSA BENITO AIRA","15.001","15.001","15.001","15.001","15.001","15.001","3","TIPSS00005","NORMAL","ZEUS"
"2025-04-07","ES0022000008016457FR1P","3.0TD","2025-04-01",,,"0927","65","R CABLE Y TELECOM GALICIA,SA","65.000","65.000","65.000","65.000","65.000","65.000","3","TIPSS00005","NORMAL","ZEUS"
"2025-04-07","ES0022000007959248AQ1P","3.0TD","2025-03-29",,,"0817","50,7","TABERNAS BIENMESABE, S.L.","50.700","50.700","50.700","50.700","50.700","50.700","3","TIPSS00005","NORMAL","ZEUS"
"2025-04-07","ES0022000004027025LB1P","3.0TD","2025-03-21",,,"0927","43,4","HOSTELERIA SOY SUSHI SL","43.400","43.400","43.400","43.400","43.400","43.400","3","TIPSS00005","NORMAL","ZEUS"
"2025-04-07","ES0022000007669034NQ1P","3.0TD","2025-04-01",,,"1232","120","ESTABLECIMIENTOS PLAZA, S.A.","115.000","120.000","120.000","120.000","120.000","120.000","3","TIPSS00005","NORMAL","ZEUS"
"2025-04-07","ES0022000008104160WM1P","3.0TD","2025-04-01",,,"0850","65","VANGARDA MUEBLES DE COCINA S.COOP. GAL","60.000","65.000","65.000","65.000","65.000","65.000","3","TIPSS00005","NORMAL","ZEUS"
"2025-04-07","ES0022000008943980SA1P","3.0TD","2024-06-01",,"2025-03-20","0931","100","AUCASA OBRAS Y TRANSP SA","30.000","30.000","30.000","30.000","30.000","100.000","3","TIPSS00070","32-AUTOCONSUMO CONSUMIDOR CON EXCEDENTES CON COMPENSACIÓN INDIVIDUAL RED INTERIOR","ZEUS"
"2025-04-07","ES0022000001409622TP1P","3.0TD","2025-03-31",,,"0607","43,6","NESTAR RESIDENCIAL S.I.I. S.A.","43.600","43.600","43.600","43.600","43.600","43.600","3","TIPSS00056","SIN TIPOLOGÍA ASIGNADA","ZEUS"
"2025-04-07","ES0022000008684422TT1P","3.0TD","2024-06-04","2025-03-11","2025-01-15","0817","","LORFID, S.L.","94.000","94.000","94.000","94.000","94.000","94.000","3","TIPSS00070","32-AUTOCONSUMO CONSUMIDOR CON EXCEDENTES CON COMPENSACIÓN INDIVIDUAL RED INTERIOR","ZEUS"
"2025-04-07","ES0022000006386778ZX1P","3.0TD","2025-04-01",,,"1232","70","ESTABLECIMIENTOS PLAZA, S.A.","36.000","40.000","40.000","40.000","40.000","70.000","3","TIPSS00005","NORMAL","ZEUS"
"2025-04-07","ES0022000008390353WD1P","3.0TD","2021-11-16",,"2025-03-27","0866","57","SIEMENS HEALTHCARE SL","57.000","57.000","57.000","57.000","57.000","57.000","3","TIPSS00005","NORMAL","ZEUS"
"2025-04-07","ES0022000007152319VL1P","3.0TD","2025-03-29",,,"0389","65","PAN FAMILIAR, S.L.L.","50.000","50.000","50.000","50.000","50.000","65.000","3","TIPSS00005","NORMAL","ZEUS"
"2025-04-07","ES0022000001484415DM1P","3.0TD","2024-10-02",,,"0927","69","BEST CLOSET IN TOWN S.L.","69.000","69.000","69.000","69.000","69.000","69.000","3","TIPSS00005","NORMAL","ZEUS"
"2025-04-07","ES0022000005427930RD1P","3.0TD","2025-04-01",,,"0754","75","JUAN LLORENTE, S.L.","20.000","20.000","20.000","20.000","20.000","75.000","3","TIPSS00005","NORMAL","ZEUS"
"2025-04-07","ES0022000007147647KQ1P","3.0TD","2025-02-11",,"2025-03-13","0927","85","PROYECTO LLAVE 2021, S.L.","46.000","46.000","46.000","46.000","46.000","85.000","3","TIPSS00005","NORMAL","ZEUS"
"2025-04-07","ES0022000007898375WR1P","3.0TD","2025-04-01",,,"0973","140","AEROSPACE CARGO LOGISTIC S.L.U.","70.000","70.000","70.000","70.000","70.000","140.000","3","TIPSS00005","NORMAL","ZEUS"
"2025-04-07","ES0022000008470641CG1P","3.0TD","2025-04-01",,,"0869","62,56","VIVAGYM EXPANSION, S.L.U.","42.000","62.560","62.560","62.560","62.560","62.560","3","TIPSS00005","NORMAL","ZEUS"
"2025-04-07","ES0022000008072429WZ1P","3.0TD","2025-04-01",,,"0973","160","TRANS SESE, S.L.","55.000","55.000","55.000","55.000","55.000","160.000","3","TIPSS00005","NORMAL","ZEUS"
"2025-04-07","ES0022000005477324DE1P","3.0TD","2025-04-01",,,"0927","80","AYTO.BUENDIA","80.000","80.000","80.000","80.000","80.000","80.000","3","TIPSS00005","NORMAL","ZEUS"
"2025-04-07","ES0022000001573689AQ1P","3.0TD","2025-03-27",,,"0409","75","CONSTRUCTORA SAN JOSE, S.A.","75.000","75.000","75.000","75.000","75.000","75.000","3","TIPSS00008","SUMIN. DE OBRA FINCA","ZEUS"
"2025-04-07","ES0022000008114084LQ1P","3.0TD","2025-01-05","2025-03-13",,"1472","","GALNUAK MAQUINARIA S. L.","56.000","56.000","56.000","56.000","56.000","56.000","3","TIPSS00063","23-AUTOCONSUMO CONSUMIDOR SIN EXCEDENTES INDIVIDUAL RED INTERIOR (CONFIGURACIÓN MEDIDA A)","ZEUS"
"2025-04-07","ES0022000006003865HR1P","3.0TD","2025-03-07",,"2025-03-15","0918","70","ULUS MEDICAL SLP","20.000","20.000","20.000","20.000","20.000","70.000","3","TIPSS00005","NORMAL","ZEUS"
"2025-04-07","ES0022000004558547ZA1P","3.0TD","2025-03-29",,,"0927","54,29","MIRIAM ROMAN FERNANDEZ","2.000",,"2.000",,,,"3","TIPSS00005","NORMAL","ZEUS"
"2025-04-07","ES0022000004848780ME1P","3.0TD","2025-04-01",,,"0417","110","PANADERIA TITO, S.L.","110.000","110.000","110.000","110.000","110.000","110.000","3","TIPSS00063","23-AUTOCONSUMO CONSUMIDOR SIN EXCEDENTES INDIVIDUAL RED INTERIOR (CONFIGURACIÓN MEDIDA A)","ZEUS"
"2025-04-07","ES0022000006187149MK1P","3.0TD","2025-03-29",,,"0991","60","ARALIA SERV SOCIOSANITARIOS SA","39.000","39.000","39.000","39.000","39.000","60.000","3","TIPSS00005","NORMAL","ZEUS"
"2025-04-07","ES0022000007993287BS1P","3.0TD","2025-04-01",,,"1749","100","PODEMOS","60.000","60.000","60.000","60.000","60.000","100.000","3","TIPSS00070","32-AUTOCONSUMO CONSUMIDOR CON EXCEDENTES CON COMPENSACIÓN INDIVIDUAL RED INTERIOR","ZEUS"
"2025-04-07","ES0022000001401959NG1P","3.0TD","2025-04-01",,,"0389","86,6","UNION CRISTIANA SAN CHAUMOND","86.600","86.600","86.600","86.600","86.600","86.600","3","TIPSS00008","SUMIN. DE OBRA FINCA","ZEUS"
"2025-04-07","ES0022000007094514BJ1P","3.0TD","2025-03-04",,,"1027","52,5","UNION MUTUA ASISTENCIA SEGURO","52.500","52.500","52.500","52.500","52.500","52.500","3","TIPSS00005","NORMAL","ZEUS"
"2025-04-07","ES0022000004030653QM1P","3.0TD","2023-03-23",,"2024-07-12","0587","104","SANATORIO QUIRÚRGICO MODELO SL","98.000","104.000","104.000","104.000","104.000","104.000","3","TIPSS00056","SIN TIPOLOGÍA ASIGNADA","ZEUS"
"2025-04-07","ES0022000007455971HW1P","3.0TD","2024-02-01",,"2025-03-26","0927","150","TESORERIA GENERAL SEGURIDAD",,,,,,,"3","TIPSS00063","23-AUTOCONSUMO CONSUMIDOR SIN EXCEDENTES INDIVIDUAL RED INTERIOR (CONFIGURACIÓN MEDIDA A)","ZEUS"
"2025-04-07","ES0022000007707323KX1P","3.0TD","2024-04-21",,"2025-04-06","0091","70","CUYNA GG EZ, S.L.","70.000",,"70.000",,,,"3","TIPSS00005","NORMAL","ZEUS"
"2025-04-07","ES0022000009078912QV1P","3.0TD","2025-04-01",,,"0754","110","JUAN LLORENTE, S.L.","110.000","110.000","110.000","110.000","110.000","110.000","3","TIPSS00005","NORMAL","ZEUS"
"2025-04-07","ES0022000008626959PZ1P","3.0TD","2015-05-09",,"2025-04-04","0927","50,001","COM PROP RESIDENCIAL VALLECAS II","3.000",,"3.000",,,,"3","TIPSS00005","NORMAL","ZEUS"
"2025-04-07","ES0022000001572458LG1P","3.0TD","2025-04-02",,,"0389","150","FERRALLA MONTESALGUEIRO SL","150.000","150.000","150.000","150.000","150.000","150.000","3","TIPSS00005","NORMAL","ZEUS"
"2025-04-07","ES0022000007205884TV1P","3.0TD","2025-03-29",,,"0091","198","FONDO DE GARANTIA SALARIAL","198.000","198.000","198.000","198.000","198.000","198.000","3","TIPSS00001","FUERZA","ZEUS"
"2025-04-07","ES0022000006271294FD1P","3.0TD","2024-07-20",,"2025-04-02","0091","200","CASER, SA","130.000",,"130.000",,,,"3","TIPSS00005","NORMAL","ZEUS"
"2025-04-07","ES0022000008747899EC1P","3.0TD","2025-04-01",,,"0973","100","TRANS SESE, S.L.","100.000","100.000","100.000","100.000","100.000","100.000","3","TIPSS00005","NORMAL","ZEUS"
"2025-04-07","ES0022000007350535XK1P","3.0TD","2025-03-29",,,"0091","164","FONDO DE GARANTIA SALARIAL","164.000","164.000","164.000","164.000","164.000","164.000","3","TIPSS00001","FUERZA","ZEUS"
"2025-04-07","ES0022000006393115JE1P","3.0TD","2025-04-01",,,"1232","75","ESTABLECIMIENTOS PLAZA, S.A.","70.000","75.000","75.000","75.000","75.000","75.000","3","TIPSS00005","NORMAL","ZEUS"
"2025-04-07","ES0022000004525970TV1P","3.0TD","2023-01-01",,,"1348","60","GRUPO ZENA PIZZA, S.COM.P.A.","60.000","60.000","60.000","60.000","60.000","60.000","3","TIPSS00005","NORMAL","ZEUS"
"2025-04-07","ES0022000005428280QZ1P","3.0TD","2025-04-01",,,"1232","80","JUNTA COMUNID. CASTILLA LA MAN","80.000","80.000","80.000","80.000","80.000","80.000","3","TIPSS00005","NORMAL","ZEUS"
"2025-04-07","ES0022000001345576KV1P","3.0TD","2025-04-01",,,"0417","70","FEDERACION DE FUTBOL DE CLM","60.000","60.000","60.000","60.000","60.000","70.000","3","TIPSS00056","SIN TIPOLOGÍA ASIGNADA","ZEUS"
"2025-04-07","ES0022000007565663AF1P","3.0TD","2024-04-26",,"2025-04-06","0091","140","SL","140.000",,"140.000",,,,"3","TIPSS00005","NORMAL","ZEUS"
"2025-04-07","ES0022000005662662HA1P","3.0TD","2025-04-01",,,"0756","50,01","INDUSTRIAS DE ESMALTADOS SL","35.000","35.000","35.000","35.000","35.000","50.010","3","TIPSS00005","NORMAL","ZEUS"
"2025-04-07","ES0022000007328282DD1P","3.0TD","2025-04-01",,,"1232","170","ESTABLECIMIENTOS PLAZA, S.A.","170.000","170.000","170.000","170.000","170.000","170.000","3","TIPSS00005","NORMAL","ZEUS"
"2025-04-07","ES0022000001550826KS1P","3.0TD","2025-02-18",,"2025-04-01","1664","149,8","INSTALACIONES Y MANTENIMIENTO FONIR   0","149.800","149.800","149.800","149.800","149.800","149.800","3","TIPSS00005","NORMAL","ZEUS"
"2025-04-07","ES0022000007514908GJ1P","3.0TD","2024-12-01",,"2025-03-07","1746","200","COL NAL DE REGISTRADORES DE LA PROPIEDAD DE E","20.000","20.000","20.000","20.000","20.000","200.000","3","TIPSS00005","NORMAL","ZEUS"
"2025-04-07","ES0022000008224664CN1P","3.0TD","2025-04-01",,,"0869","60","EL GYM IBERIA, S.L.","60.000","60.000","60.000","60.000","60.000","60.000","3","TIPSS00005","NORMAL","ZEUS"
"2025-04-07","ES0022000004987794RR1P","3.0TD","2012-11-22",,"2025-03-15","0091","53","GESTION Y TECNICAS AGUA S.A.","53.000","53.000","53.000","53.000","53.000","53.000","3","TIPSS00005","NORMAL","ZEUS"
"2025-04-07","ES0022000008084536TT1P","3.0TD","2025-03-29",,,"0091","60","FONDO DE GARANTIA SALARIAL","60.000","60.000","60.000","60.000","60.000","60.000","3","TIPSS00001","FUERZA","ZEUS"
"2025-04-07","ES0022000008504105AA1P","3.0TD","2025-01-01",,"2025-03-05","1749","65","IBERMUTUAMUR M.A.T.E.P.S.S 274","24.000","24.000","24.000","24.000","24.000","65.000","3","TIPSS00005","NORMAL","ZEUS"
"2025-04-07","ES0022000007555392QV1P","3.0TD","2025-04-01",,,"1232","200","ESTABLECIMIENTOS PLAZA, S.A.","170.000","200.000","200.000","200.000","200.000","200.000","3","TIPSS00005","NORMAL","ZEUS"
"2025-04-07","ES0022000006131545AP1P","3.0TD","2025-03-30",,,"0869","86,06","ESPAÑA SA.","86.060","86.060","86.060","86.060","86.060","86.060","3","TIPSS00005","NORMAL","ZEUS"
"2025-04-07","ES0022000001334467KV1P","3.0TD","2024-11-25",,,"1183","98","MARISCOS ALUMAR, S.L.","70.000","70.000","70.000","70.000","70.000","98.000","3","TIPSS00005","NORMAL","ZEUS"
"2025-04-07","ES0022000007231240EG1P","3.0TD","2025-04-01",,,"1100","150","VEGAN FOOD CLUB SL","150.000","150.000","150.000","150.000","150.000","150.000","3","TIPSS00005","NORMAL","ZEUS"
"2025-04-07","ES0022000008957700JS1P","3.0TD","2025-02-23",,"2025-03-02","0389","55,3","COMERCIAL MARTINEZ SANCHEZ SL","30.000","30.000","30.000","30.000","30.000","55.300","3","TIPSS00005","NORMAL","ZEUS"
"2025-04-07","ES0022000007921773FP1P","3.0TD","2025-04-01",,,"1232","200","ESTABLECIMIENTOS PLAZA, S.A.","200.000","200.000","200.000","200.000","200.000","200.000","3","TIPSS00005","NORMAL","ZEUS"
"2025-04-07","ES0022000006375257LN1P","3.0TD","2023-05-18",,"2025-03-19","0874","100","GRUPO EXTER SA","45.000","45.000","45.000","45.000","45.000","100.000","3","TIPSS00005","NORMAL","ZEUS"
"2025-04-07","ES0022000007724312RW1P","3.0TD","2023-04-01",,"2025-04-06","0927","52,5","FERROVIAL ENERGIA S.A.","35.000","35.000","35.000","35.000","35.000","52.500","3","TIPSS00005","NORMAL","ZEUS"
"2025-04-07","ES0022000006625835NM1P","3.0TD","2025-04-01",,,"1232","120","ESTABLECIMIENTOS PLAZA, S.A.","100.000","120.000","120.000","120.000","120.000","120.000","3","TIPSS00005","NORMAL","ZEUS"
"2025-04-07","ES0022000008637738VY1P","3.0TD","2024-08-07",,"2025-03-04","0417","125","DISTRIBUIDORA DE PUBLICACIONES","30.000","30.000","30.000","30.000","30.000","125.000","3","TIPSS00005","NORMAL","ZEUS"
"2025-04-07","ES0022000007618851SL1P","3.0TD","2025-03-29",,,"0991","55","ARALIA SERV SOCIOSANITARIOS SA","52.381","55.000","55.000","55.000","55.000","55.000","3","TIPSS00005","NORMAL","ZEUS"
"2025-04-07","ES0022000005017089DV1P","3.0TD","2025-04-01",,,"1232","65","JUNTA COMUNID. CASTILLA LA MAN","65.000","65.000","65.000","65.000","65.000","65.000","3","TIPSS00005","NORMAL","ZEUS"
"2025-04-07","ES0022000008762188TA1P","3.0TD","2025-04-01",,,"1512","60","DIVISEGUR,SL","60.000","60.000","60.000","60.000","60.000","60.000","3","TIPSS00005","NORMAL","ZEUS"
"2025-04-07","ES0022000008120873SC1P","3.0TD","2024-09-01",,"2025-03-21","0927","66","AYUNTAMIENTO DE MADRID",,,,,,,"3","TIPSS00070","32-AUTOCONSUMO CONSUMIDOR CON EXCEDENTES CON COMPENSACIÓN INDIVIDUAL RED INTERIOR","ZEUS"
"2025-04-07","ES0022000001344538EZ1P","3.0TD","2024-12-09","2025-03-03",,"1343","","F TOME SA","95.000","95.000","95.000","95.000","95.000","95.000","3","TIPSS00005","NORMAL","ZEUS"
"2025-04-07","ES0022000008438244ZZ1P","3.0TD","2025-04-01",,,"1232","200","ESTABLECIMIENTOS PLAZA, S.A.","170.000","170.000","170.000","170.000","170.000","200.000","3","TIPSS00005","NORMAL","ZEUS"
"2025-04-07","ES0022000008747892EJ1P","3.0TD","2025-04-01",,,"0973","60","AEROSPACE CARGO LOGISTIC S.L.U.","45.000","45.000","45.000","45.000","45.000","60.000","3","TIPSS00005","NORMAL","ZEUS"
"2025-04-07","ES0022000006221627DE1P","3.0TD","2024-07-20",,"2025-04-02","0091","59,4","CASER, SA","50.000",,"55.000",,,,"3","TIPSS00005","NORMAL","ZEUS"
"2025-04-07","ES0022000008997624RB1P","3.0TD","2025-04-01",,,"0927","190","LIBERTY SEGUROS COMPAÑIA SEGUROS Y REA","190.000","190.000","190.000","190.000","190.000","190.000","3","TIPSS00005","NORMAL","ZEUS"
"2025-04-07","ES0022000007732425PL1P","3.0TD","2025-03-29",,,"0499","160","STABLE SYSTEMS, S.L.","160.000","160.000","160.000","160.000","160.000","160.000","3","TIPSS00005","NORMAL","ZEUS"
"2025-04-07","ES0022000001282347DS1P","3.0TD","2024-11-04",,"2025-03-17","0091","80","CC.PP. MODESTO LA FUENTE 67 CV MAUDES 49 CV A","80.000","80.000","80.000","80.000","80.000","80.000","3","TIPSS00056","SIN TIPOLOGÍA ASIGNADA","ZEUS"
"2025-04-07","ES0022000001573925JE1P","3.0TDVE","2025-04-01",,,"0522","86,6","ACCIONA RECARGA, S.L.","86.600","86.600","86.600","86.600","86.600","86.600","3","TIPSS00056","SIN TIPOLOGÍA ASIGNADA","ZEUS"
"2025-04-07","ES0022000005001449LV1P","3.0TD","2025-04-01",,,"1232","115","JUNTA COMUNID. CASTILLA LA MAN","115.000","115.000","115.000","115.000","115.000","115.000","3","TIPSS00005","NORMAL","ZEUS"
"2025-04-07","ES0022000007360362RG1P","3.0TD","2025-03-20",,,"0389","50","PROTESIS HOSPITALARIAS S.A.","50.000","50.000","50.000","50.000","50.000","50.000","3","TIPSS00005","NORMAL","ZEUS"
"2025-04-07","ES0022000008118559FY1P","3.0TD","2024-11-15",,"2025-03-13","1746","78","INSERTEGASL","50.000","50.000","50.000","50.000","50.000","78.000","3","TIPSS00005","NORMAL","ZEUS"
"2025-04-04","ES0022000008118896KK1P","3.0TD","2023-07-01",,"2025-03-25","0869","64","VEPERSA S.A.","52.000","52.000","52.000","52.000","52.000","64.000","3","TIPSS00005","NORMAL","ZEUS"
"2025-04-04","ES0022000008747899EC1P","3.0TD","2025-03-01","2025-03-31",,"1061","100","TRANS SESE, S.L.","100.000","100.000","100.000","100.000","100.000","100.000","3","TIPSS00005","NORMAL","ZEUS"
"2025-03-30","ES0022000008999851YF1P","3.0TD","2023-01-01","2025-03-04",,"0927","65","FEU VERT IBERICA SA","30.000","30.000","30.000","30.000","30.000","65.000","3","TIPSS00005","NORMAL","ZEUS"
"2025-03-30","ES0022000001572458LG1P",,,,,,"",,,,,,,,"3","TIPSS00005","TIPSS00005",
"2025-03-30","ES0022000001574129EL1P",,,,,,"",,,,,,,,"3","TIPSS00005","TIPSS00005",
"2025-03-30","ES0022000001550826KS1P","3.0TD","2025-02-18",,"2025-04-01","1664","149,8","INSTALACIONES Y MANTENIMIENTO FONIR   0","149.800","149.800","149.800","149.800","149.800","149.800","3","TIPSS00005","NORMAL","ZEUS"
"2025-03-30","ES0022000001469421RF1P","3.0TD","2024-04-12","2025-01-30",,"0389","150","AGYFER 91 S.A.","150.000","150.000","150.000","150.000","150.000","150.000","3","TIPSS00008","SUMIN. DE OBRA FINCA","ZEUS"
"2025-03-30","ES0022000006068729DM1P","3.0TD","2022-06-30",,"2025-03-27","0522","141,18","ACTIVOS INMOBILIARIOS VELAZQUEZ S.L.","173.200","173.200","173.200","173.200","173.200","173.200","3","TIPSS00005","NORMAL","ZEUS"
"2025-03-30","ES0022000001345576KV1P","3.0TD","2023-08-09","2025-03-31","2024-01-18","0869","70","FEDERACION DE FUTBOL DE CLM","60.000","60.000","60.000","60.000","60.000","70.000","3","TIPSS00056","SIN TIPOLOGÍA ASIGNADA","ZEUS"
"2025-03-30","ES0022000007145155MP1P","3.0TD","2025-03-22","2025-03-28",,"0417","55","PAZO DE CANEDO S.L.","55.000","55.000","55.000","55.000","55.000","55.000","3","TIPSS00001","FUERZA","ZEUS"
"2025-03-30","ES0022000006144042VQ1P","3.0TD","2024-12-18","2025-03-31",,"1232","50,001","EL GYM IBERIA, S.L.","50.001","50.001","50.001","50.001","50.001","50.001","3","TIPSS00005","NORMAL","ZEUS"
"2025-03-30","ES0022000008502009GT1P","3.0TD","2025-02-15","2025-03-19",,"0927","65,7","EXPOMUEBLE,S.L.","15.000","15.000","15.000","15.000","15.000","65.700","3","TIPSS00005","NORMAL","ZEUS"
"2025-03-30","ES0022000006221628XT1P","3.0TD","2024-07-20",,"2025-04-02","0091","60","CASER, SA","50.000",,"50.000",,,,"3","TIPSS00005","NORMAL","ZEUS"
"2025-03-30","ES0022000008104160WM1P","3.0TD","2024-12-30","2025-03-31",,"1729","65","VANGARDA MUEBLES DE COCINA S.COOP. GAL","60.000","65.000","65.000","65.000","65.000","65.000","3","TIPSS00005","NORMAL","ZEUS"
"2025-03-30","ES0022000007191147GT1P","3.0TD","2024-09-17",,"2025-04-01","0417","52,5","ROSA BENITO AIRA","15.001","15.001","15.001","15.001","15.001","15.001","3","TIPSS00005","NORMAL","ZEUS"
"2025-03-30","ES0022000008679460ZY1P","3.0TD","2022-06-10","2025-03-31","2023-06-22","1348","69,2","J.RECAREY TRABA S.L.","69.200","69.200","69.200","69.200","69.200","69.200","3","TIPSS00005","NORMAL","ZEUS"
"2025-03-30","ES0022000001365787AB1P","3.0TD","2023-07-07","2025-03-31",,"1304","95","LIBERTY SEGUROS COMPAÑIA SEGUROS Y REA","95.000","95.000","95.000","95.000","95.000","95.000","3","TIPSS00056","SIN TIPOLOGÍA ASIGNADA","ZEUS"
"2025-03-30","ES0022000006271294FD1P","3.0TD","2024-07-20",,"2025-04-02","0091","200","CASER, SA","130.000",,"130.000",,,,"3","TIPSS00005","NORMAL","ZEUS"
"2025-03-30","ES0022000008967795SJ1P","3.0TD","2024-05-04",,"2025-03-12","0091","86,6","ARENAL PERFUMERIAS SL","65.000","65.000","65.000","65.000","65.000","86.600","3","TIPSS00005","NORMAL","ZEUS"
"2025-03-30","ES0022000005427907TD1P","3.0TD","2024-04-02","2025-03-31",,"1232","66","MARIANO PASCUAL S.A.","30.000","30.000","30.000","30.000","30.000","66.000","3","TIPSS00005","NORMAL","ZEUS"
"2025-03-30","ES0022000008084922QH1P","3.0TD","2025-01-01","2025-03-30",,"1219","220","NUFRI, S.L","220.000","220.000","220.000","220.000","220.000","220.000","3","TIPSS00005","NORMAL","ZEUS"
"2025-03-30","ES0022000009078912QV1P","3.0TD","2024-03-12","2025-03-31","2024-10-31","1232","110","JUAN LLORENTE, S.L.","110.000","110.000","110.000","110.000","110.000","110.000","3","TIPSS00005","NORMAL","ZEUS"
"2025-03-30","ES0022000005427930RD1P","3.0TD","2024-03-12","2025-03-31",,"1232","75","JUAN LLORENTE, S.L.","20.000","20.000","20.000","20.000","20.000","75.000","3","TIPSS00005","NORMAL","ZEUS"
"2025-03-30","ES0022000008738013FR1P","3.0TD","2024-08-07",,"2025-03-04","0417","75","HAPPY GAMES SL","42.000","44.000","49.000","49.000","49.000","75.000","3","TIPSS00005","NORMAL","ZEUS"
"2025-03-30","ES0022000004558547ZA1P","3.0TD","2023-01-25","2025-03-28",,"0927","54,29","BAJO URZAIZ 132 C.B.","2.000","2.000","2.000","2.000","2.000","54.290","3","TIPSS00005","NORMAL","ZEUS"
"2025-03-30","ES0022000005662662HA1P","3.0TD","2024-03-12","2025-03-31",,"0927","50,01","INDUSTRIAS DE ESMALTADOS SL","35.000","35.000","35.000","35.000","35.000","50.010","3","TIPSS00005","NORMAL","ZEUS"
"2025-03-30","ES0022000009128477DV1P","3.0TD","2024-03-24","2025-03-31",,"0918","60","TODO MANDO S.L","26.000","26.000","26.000","26.000","26.000","60.000","3","TIPSS00070","32-AUTOCONSUMO CONSUMIDOR CON EXCEDENTES CON COMPENSACIÓN INDIVIDUAL RED INTERIOR","ZEUS"
"2025-03-30","ES0022000007921773FP1P","3.0TD","2025-01-01","2025-03-31",,"0417","200","ESTABLECIMIENTOS PLAZA, S.A.","200.000","200.000","200.000","200.000","200.000","200.000","3","TIPSS00005","NORMAL","ZEUS"
"2025-03-30","ES0022000007555392QV1P","3.0TD","2025-01-03","2025-03-31",,"0417","200","ESTABLECIMIENTOS PLAZA, S.A.","170.000","200.000","200.000","200.000","200.000","200.000","3","TIPSS00005","NORMAL","ZEUS"
"2025-03-30","ES0022000007152319VL1P","3.0TD","2024-10-12","2025-03-28",,"1000","65","PAN FAMILIAR, S.L.L.","50.000","50.000","50.000","50.000","50.000","65.000","3","TIPSS00005","NORMAL","ZEUS"
"2025-03-30","ES0022000007559533NH1P","3.0TD","2023-03-31",,"2025-04-06","0927","55,6","FERROVIAL ENERGIA S.A.","55.600","55.600","55.600","55.600","55.600","55.600","3","TIPSS00001","FUERZA","ZEUS"
"2025-03-30","ES0022000006003865HR1P","3.0TD","2025-03-07",,"2025-03-15","0918","70","ULUS MEDICAL SLP","20.000","20.000","20.000","20.000","20.000","70.000","3","TIPSS00005","NORMAL","ZEUS"
"2025-03-30","ES0022000008680816GM1P","3.0TD","2025-03-14",,"2025-04-01","1101","15,01","CENTRO MEDICO COSLADA SL","15.010","15.010","15.010","15.010","15.010","15.010","3","TIPSS00005","NORMAL","ZEUS"
"2025-03-30","ES0022000008762188TA1P","3.0TD","2023-09-16","2025-03-31",,"0389","60","DIVISEGUR,SL","60.000","60.000","60.000","60.000","60.000","60.000","3","TIPSS00005","NORMAL","ZEUS"
"2025-03-30","ES0022000008470641CG1P","3.0TD","2025-03-02","2025-03-31",,"1232","62,56","VIVAGYM EXPANSION, S.L.U.","42.000","62.560","62.560","62.560","62.560","62.560","3","TIPSS00005","NORMAL","ZEUS"
"2025-03-30","ES0022000007455971HW1P","3.0TD","2024-02-01",,"2025-03-26","0927","150","TESORERIA GENERAL SEGURIDAD",,,,,,,"3","TIPSS00005","NORMAL","ZEUS"
"2025-03-30","ES0022000007265305PY1P","3.0TD","2022-01-01","2025-03-04",,"0522","115","HOSTELERIA MARINA BARCELONA, S.L.","115.000","115.000","115.000","115.000","115.000","115.000","3","TIPSS00005","NORMAL","ZEUS"
"2025-03-30","ES0022000001401959NG1P","3.0TD","2024-03-21","2025-03-31",,"0091","86,6","UNION CRISTIANA SAN CHAUMOND","86.600","86.600","86.600","86.600","86.600","86.600","3","TIPSS00008","SUMIN. DE OBRA FINCA","ZEUS"
"2025-03-30","ES0022000008285689MH1P","3.0TD","2024-12-03","2025-03-07",,"1749","62","COCINADETRADICION, S.L.","30.000","30.000","30.000","30.000","30.000","62.000","3","TIPSS00005","NORMAL","ZEUS"
"2025-03-30","ES0022000008224664CN1P","3.0TD","2024-12-17","2025-03-31",,"1232","60","EL GYM IBERIA, S.L.","60.000","60.000","60.000","60.000","60.000","60.000","3","TIPSS00005","NORMAL","ZEUS"
"2025-03-30","ES0022000001562308ZC1P",,,,,,"",,,,,,,,"3","TIPSS00056","TIPSS00056",
"2025-03-30","ES0022000009099086LC1P","3.0TD","2023-04-29","2025-03-31","2023-07-19","0853","86","INGENIERIA SEMASA S.A","86.000","86.000","86.000","86.000","86.000","86.000","3","TIPSS00005","NORMAL","ZEUS"
"2025-03-30","ES0022000008272351TC1P","3.0TD","2022-11-01","2023-01-22",,"0091","","CONSORCIO COMPENSACION SEGUROS","200.000","200.000","200.000","200.000","200.000","200.000","3","TIPSS00010","SECUND. DE SOCORRO","ZEUS"
"2025-03-30","ES0022000005017089DV1P","3.0TD","2024-04-01","2025-03-31",,"0927","65","JUNTA COMUNID. CASTILLA LA MAN","65.000","65.000","65.000","65.000","65.000","65.000","3","TIPSS00005","NORMAL","ZEUS"
"2025-03-30","ES0022000007121704CV1P","3.0TD","2023-04-15","2025-03-19",,"0750","","ORTIZ CONSTRUCCIONES","191.675","191.675","191.675","191.675","191.675","191.675","3","TIPSS00005","NORMAL","ZEUS"
"2025-03-30","ES0022000008016457FR1P","3.0TD","2023-01-01","2025-03-31","2023-09-05","1491","65","R CABLE Y TELECOM GALICIA,SA","65.000","65.000","65.000","65.000","65.000","65.000","3","TIPSS00005","NORMAL","ZEUS"
"2025-03-30","ES0022000008908745RG1P","3.0A","2016-02-25","2017-08-21",,"0389","","BOXES CHAPA Y PINTURA SL","18.000","18.000","18.000",,,,"3","TIPSS00005","NORMAL","ZEUS"
"2025-03-30","ES0022000008184905QC1P","3.0TD","2023-09-26",,"2025-03-28","0389","61,33","INMOBILIARIA CORRAL SL","40.000","40.000","40.000","40.000","40.000","61.330","3","TIPSS00005","NORMAL","ZEUS"
"2025-03-30","ES0022000009134567KN1P","3.0TD","2025-03-04",,"2025-03-07","1315","63","PAPELGA SL","89.000","89.000","89.000","89.000","89.000","89.000","3","TIPSS00001","FUERZA","ZEUS"
"2025-03-30","ES0022000004525970TV1P","3.0TD","2023-01-01",,,"1348","60","GRUPO ZENA PIZZA, S.COM.P.A.","60.000","60.000","60.000","60.000","60.000","60.000","3","TIPSS00005","NORMAL","ZEUS"
"2025-03-30","ES0022000001484415DM1P","3.0TD","2024-10-02",,,"0927","69","BEST CLOSET IN TOWN S.L.","69.000","69.000","69.000","69.000","69.000","69.000","3","TIPSS00056","SIN TIPOLOGÍA ASIGNADA","ZEUS"
"2025-03-30","ES0022000007586762TS1P","3.0TD","2023-11-21","2025-03-28","2024-01-04","0750","50,01","COMUNIDAD DE PROPIETARIOS","30.124","30.124","47.754","50.010","50.010","50.010","3","TIPSS00005","NORMAL","ZEUS"
"2025-03-30","ES0022000008114084LQ1P","3.0TD","2025-01-05","2025-03-13",,"1472","56","GALNUAK MAQUINARIA S. L.","56.000","56.000","56.000","56.000","56.000","56.000","3","TIPSS00063","23-AUTOCONSUMO CONSUMIDOR SIN EXCEDENTES INDIVIDUAL RED INTERIOR (CONFIGURACIÓN MEDIDA A)","ZEUS"
"2025-03-30","ES0022000008676540WF1P","3.0TD","2019-03-14","2025-03-18","2021-12-28","0756","85","ALDEA COUSO SLU","40.000","40.000","40.000","40.000","40.000","85.000","3","TIPSS00005","NORMAL","ZEUS"
"2025-03-30","ES0022000008943980SA1P","3.0TD","2024-06-01",,"2025-03-20","0931","100","AUCASA OBRAS Y TRANSP SA","30.000","30.000","30.000","30.000","30.000","100.000","3","TIPSS00070","32-AUTOCONSUMO CONSUMIDOR CON EXCEDENTES CON COMPENSACIÓN INDIVIDUAL RED INTERIOR","ZEUS"
"2025-03-30","ES0022000008991135HP1P","3.0TD","2025-03-28","2025-03-31",,"1611","80","ENERGIA NATALE S.L","80.000","80.000","80.000","80.000","80.000","80.000","3","TIPSS00005","NORMAL","ZEUS"
"2025-03-30","ES0022000007350535XK1P","3.0TD","2024-02-15","2025-03-28",,"0927","164","FONDO DE GARANTIA SALARIAL","164.000","164.000","164.000","164.000","164.000","164.000","3","TIPSS00001","FUERZA","ZEUS"
"2025-03-30","ES0022000006131545AP1P","3.0TD","2024-03-27","2025-03-29",,"0389","86,06","ESPAÑA SA.","86.060","86.060","86.060","86.060","86.060","86.060","3","TIPSS00005","NORMAL","ZEUS"
"2025-03-30","ES0022000008769238FS1P","3.0TD","2022-06-02","2025-03-31",,"1061","90","TRANS SESE, S.L.","90.000","90.000","90.000","90.000","90.000","90.000","3","TIPSS00005","NORMAL","ZEUS"
"2025-03-30","ES0022000008176307BR1P","3.0TD","2025-03-06","2025-03-28",,"1398","50,82","MC MI CAPILAR TAHE SL","50.820","50.820","50.820","50.820","50.820","50.820","3","TIPSS00005","NORMAL","ZEUS"
"2025-03-30","ES0022000005428280QZ1P","3.0TD","2021-04-01","2025-03-31","2021-06-01","0099","80","JUNTA COMUNID. CASTILLA LA MAN","80.000","80.000","80.000","80.000","80.000","80.000","3","TIPSS00005","NORMAL","ZEUS"
"2025-03-30","ES0022000004848780ME1P","3.0TD","2023-04-13","2025-03-31","2023-04-20","0927","110","PANADERIA TITO, S.L.","110.000","110.000","110.000","110.000","110.000","110.000","3","TIPSS00063","23-AUTOCONSUMO CONSUMIDOR SIN EXCEDENTES INDIVIDUAL RED INTERIOR (CONFIGURACIÓN MEDIDA A)","ZEUS"
"2025-03-30","ES0022000008390353WD1P","3.0TD","2021-11-16",,"2025-03-27","0866","57","SIEMENS HEALTHCARE SL","57.000","57.000","57.000","57.000","57.000","57.000","3","TIPSS00005","NORMAL","ZEUS"
"2025-03-30","ES0022000005001449LV1P","3.0TD","2024-04-01","2025-03-31",,"0927","115","JUNTA COMUNID. CASTILLA LA MAN","115.000","115.000","115.000","115.000","115.000","115.000","3","TIPSS00005","NORMAL","ZEUS"
"2025-03-30","ES0022000007205884TV1P","3.0TD","2024-02-15","2025-03-28",,"0927","198","FONDO DE GARANTIA SALARIAL","198.000","198.000","198.000","198.000","198.000","198.000","3","TIPSS00001","FUERZA","ZEUS"
"2025-03-30","ES0022000009095266ZH1P","3.0TD","2024-03-09","2025-03-27",,"0927","78","C P ALFONSO XIII 131","78.000","78.000","78.000","78.000","78.000","78.000","3","TIPSS00005","NORMAL","ZEUS"
"2025-03-30","ES0022000001409622TP1P","3.0TD","2023-04-21","2025-03-09",,"0927","","AMENABAR OBRAS Y PROYECTOS S.L","134.000","134.000","134.000","134.000","134.000","134.000","3","TIPSS00056","SIN TIPOLOGÍA ASIGNADA","ZEUS"
"2025-03-30","ES0022000007094119VD1P","3.0TD","2024-03-20","2025-03-27",,"0918","56","KALOS KARMA SLU","56.000","56.000","56.000","56.000","56.000","56.000","3","TIPSS00005","NORMAL","ZEUS"
"2025-03-30","ES0022000007147647KQ1P","3.0TD","2025-02-11",,"2025-03-13","0927","85","PROYECTO LLAVE 2021, S.L.","46.000","46.000","46.000","46.000","46.000","85.000","3","TIPSS00005","NORMAL","ZEUS"
"2025-03-30","ES0022000006187149MK1P","3.0TD","2024-04-01","2025-03-28",,"0927","60","ARALIA SERV SOCIOSANITARIOS SA","39.000","39.000","39.000","39.000","39.000","60.000","3","TIPSS00005","NORMAL","ZEUS"
"2025-03-30","ES0022000008684422TT1P","3.0TD","2024-06-04","2025-03-11","2025-01-15","0817","94","LORFID, S.L.","94.000","94.000","94.000","94.000","94.000","94.000","3","TIPSS00070","32-AUTOCONSUMO CONSUMIDOR CON EXCEDENTES CON COMPENSACIÓN INDIVIDUAL RED INTERIOR","ZEUS"
"2025-03-30","ES0022000007094514BJ1P","3.0TD","2010-03-03","2025-03-03","2021-06-01","0091","52,5","UNION MUTUA ASISTENCIA SEGURO","52.500","52.500","52.500","52.500","52.500","52.500","3","TIPSS00005","NORMAL","ZEUS"
"2025-03-30","ES0022000006393115JE1P","3.0TD","2025-01-01","2025-03-31",,"0417","75","ESTABLECIMIENTOS PLAZA, S.A.","70.000","75.000","75.000","75.000","75.000","75.000","3","TIPSS00005","NORMAL","ZEUS"
"2025-03-30","ES0022000005477324DE1P","3.0TD","2023-07-25","2025-03-31",,"0688","80","AYTO.BUENDIA","80.000","80.000","80.000","80.000","80.000","80.000","3","TIPSS00005","NORMAL","ZEUS"
"2025-03-30","ES0022000007669034NQ1P","3.0TD","2025-01-01","2025-03-31",,"0417","120","ESTABLECIMIENTOS PLAZA, S.A.","115.000","120.000","120.000","120.000","120.000","120.000","3","TIPSS00005","NORMAL","ZEUS"
"2025-03-30","ES0022000006625835NM1P","3.0TD","2025-01-01","2025-03-31",,"0417","120","ESTABLECIMIENTOS PLAZA, S.A.","100.000","120.000","120.000","120.000","120.000","120.000","3","TIPSS00005","NORMAL","ZEUS"
"2025-03-30","ES0022000008747892EJ1P","3.0TD","2023-02-23","2025-03-31","2024-11-05","1061","60","AEROSPACE CARGO LOGISTIC S.L.U.","45.000","45.000","45.000","45.000","45.000","60.000","3","TIPSS00005","NORMAL","ZEUS"
"2025-03-30","ES0022000004404423YW1P","3.0TD","2022-10-25","2025-03-24",,"0417","110","ASERRADEROS MOSQUERA SL","110.000","110.000","110.000","110.000","110.000","110.000","3","TIPSS00005","NORMAL","ZEUS"
"2025-03-30","ES0022000007707323KX1P","3.0TD","2024-04-21",,"2025-04-06","0091","70","CUYNA GG EZ, S.L.","70.000",,"70.000",,,,"3","TIPSS00005","NORMAL","ZEUS"
"2025-03-30","ES0022000008084536TT1P","3.0TD","2024-02-15","2025-03-28",,"0927","60","FONDO DE GARANTIA SALARIAL","60.000","60.000","60.000","60.000","60.000","60.000","3","TIPSS00001","FUERZA","ZEUS"
"2025-03-30","ES0022000007724312RW1P","3.0TD","2023-04-01",,"2025-04-06","0927","52,5","FERROVIAL ENERGIA S.A.","35.000","35.000","35.000","35.000","35.000","52.500","3","TIPSS00005","NORMAL","ZEUS"
"2025-03-30","ES0022000001267774CR1P","3.0TD","2024-02-13","2025-03-28",,"0499","85","GESFRICO SL GESFRICO SL","35.000","35.000","35.000","35.000","35.000","85.000","3","TIPSS00005","NORMAL","ZEUS"
"2025-03-30","ES0022000006207325DA1P","3.0TD","2021-05-30","2025-03-31","2022-09-16","0091","100","SUPERSOL SPAIN S.L.","100.000","100.000","100.000","100.000","100.000","100.000","3","TIPSS00005","NORMAL","ZEUS"
"2025-03-30","ES0022000001526732DW1P","3.0TD","2024-11-15",,"2025-04-01","0770","15,001","CERAMICAS TECNICAS GALEGAS SL","86.600","86.600","86.600","86.600","86.600","86.600","3","TIPSS00056","SIN TIPOLOGÍA ASIGNADA","ZEUS"
"2025-03-30","ES0022000008867975EJ1P","3.0TD","2023-12-31","2025-03-31",,"1232","75","AGRICOLA EL CASAR, S.L.","75.000","75.000","75.000","75.000","75.000","75.000","3","TIPSS00005","NORMAL","ZEUS"
"2025-03-30","ES0022000007093987BS1P","3.0TD","2025-01-01","2025-03-31",,"0417","82,5","ESTABLECIMIENTOS PLAZA, S.A.","70.000","82.500","82.500","82.500","82.500","82.500","3","TIPSS00005","NORMAL","ZEUS"
"2025-03-30","ES0022000004027025LB1P",,,,,,"",,,,,,,,"3","TIPSS00005","TIPSS00005",
"2025-03-30","ES0022000009132749BB1P","3.0TD","2025-03-28","2025-03-31",,"1611","70","ENERGIA NATALE S.L","70.000","70.000","70.000","70.000","70.000","70.000","3","TIPSS00005","NORMAL","ZEUS"
"2025-03-30","ES0022000006386778ZX1P","3.0TD","2025-01-01","2025-03-31",,"0417","70","ESTABLECIMIENTOS PLAZA, S.A.","36.000","40.000","40.000","40.000","40.000","70.000","3","TIPSS00005","NORMAL","ZEUS"
"2025-03-30","ES0022000008637738VY1P","3.0TD","2024-08-07",,"2025-03-04","0417","125","DISTRIBUIDORA DE PUBLICACIONES","30.000","30.000","30.000","30.000","30.000","125.000","3","TIPSS00005","NORMAL","ZEUS"
"2025-03-30","ES0022000008626959PZ1P","3.0TD","2015-05-09",,"2025-04-04","0927","50,001","COM PROP RESIDENCIAL VALLECAS II","3.000",,"3.000",,,,"3","TIPSS00005","NORMAL","ZEUS"
"2025-03-30","ES0022000007360362RG1P","3.0TD","2025-03-20",,,"0389","50","PROTESIS HOSPITALARIAS S.A.","50.000","50.000","50.000","50.000","50.000","50.000","3","TIPSS00008","SUMIN. DE OBRA FINCA","ZEUS"
"2025-03-30","ES0022000004030653QM1P","3.0TD","2023-03-23",,"2024-07-12","0587","104","SANATORIO QUIRÚRGICO MODELO SL","98.000","104.000","104.000","104.000","104.000","104.000","3","TIPSS00063","23-AUTOCONSUMO CONSUMIDOR SIN EXCEDENTES INDIVIDUAL RED INTERIOR (CONFIGURACIÓN MEDIDA A)","ZEUS"
"2025-03-30","ES0022000006035352FR1P","3.0TD","2021-09-10","2025-03-28",,"0927","51",". CCPP DE LA GALERIA FTE B ,","3.464","3.464","3.464","3.464","3.464","51.000","3","TIPSS00005","NORMAL","ZEUS"
"2025-03-30","ES0022000007872944TP1P","3.0TD","2024-03-29","2025-03-31","2024-11-03","0918","86,6","MOTOR PACIFICO SL","86.600","86.600","86.600","86.600","86.600","86.600","3","TIPSS00005","NORMAL","ZEUS"
"2025-03-30","ES0022000008118559FY1P","3.0TD","2024-11-15",,"2025-03-13","1746","78","INSERTEGASL","50.000","50.000","50.000","50.000","50.000","78.000","3","TIPSS00005","NORMAL","ZEUS"
"2025-03-30","ES0022000008438244ZZ1P","3.0TD","2025-01-01","2025-03-31",,"0417","200","ESTABLECIMIENTOS PLAZA, S.A.","170.000","170.000","170.000","170.000","170.000","200.000","3","TIPSS00005","NORMAL","ZEUS"
"2025-03-30","ES0022000007231240EG1P","3.0TD","2024-06-18","2025-03-31",,"0688","150","VEGAN FOOD CLUB SL","150.000","150.000","150.000","150.000","150.000","150.000","3","TIPSS00005","NORMAL","ZEUS"
"2025-03-30","ES0022000008860710MQ1P","3.0TD","2024-01-08","2025-03-31",,"1232","228","ALDIGAVIA OFICINAS SL","199.270","199.270","199.270","199.270","199.270","228.000","3","TIPSS00005","NORMAL","ZEUS"
"2025-03-30","ES0022000007618851SL1P","3.0TD","2024-04-01","2025-03-28",,"0927","55","ARALIA SERV SOCIOSANITARIOS SA","52.381","55.000","55.000","55.000","55.000","55.000","3","TIPSS00005","NORMAL","ZEUS"
"2025-03-30","ES0022000008957700JS1P","3.0TD","2025-02-23",,"2025-03-02","0389","55,3","COMERCIAL MARTINEZ SANCHEZ SL","30.000","30.000","30.000","30.000","30.000","55.300","3","TIPSS00005","NORMAL","ZEUS"
"2025-03-30","ES0022000001398967CW1P","3.0TD","2024-04-28","2025-03-28",,"1769","80","HEALTH IN CODE SL","20.000","20.000","20.000","20.000","20.000","80.000","3","TIPSS00005","NORMAL","ZEUS"
"2025-03-30","ES0022000001573925JE1P",,,,,,"",,,,,,,,"3","TIPSS00056","TIPSS00056",
"2025-03-30","ES0022000007565663AF1P","3.0TD","2024-04-26",,"2025-04-06","0091","140","SL","140.000",,"140.000",,,,"3","TIPSS00005","NORMAL","ZEUS"
"2025-03-30","ES0022000001334467KV1P","3.0TD","2024-11-25",,,"1183","98","MARISCOS ALUMAR, S.L.","70.000","70.000","70.000","70.000","70.000","98.000","3","TIPSS00071","33-AUTOCONSUMO PRODUCTOR CON EXCEDENTES CON COMPENSACIÓN INDIVIDUAL RED INTERIOR","ZEUS"
"2025-03-30","ES0022000007328282DD1P","3.0TD","2025-01-01","2025-03-31",,"0417","170","ESTABLECIMIENTOS PLAZA, S.A.","170.000","170.000","170.000","170.000","170.000","170.000","3","TIPSS00005","NORMAL","ZEUS"
"2025-03-30","ES0022000007898375WR1P","3.0TD","2022-02-11","2025-03-31",,"1061","140","AEROSPACE CARGO LOGISTIC S.L.U.","70.000","70.000","70.000","70.000","70.000","140.000","3","TIPSS00005","NORMAL","ZEUS"
"2025-03-30","ES0022000007514908GJ1P","3.0TD","2024-12-01",,"2025-03-07","1746","200","COL NAL DE REGISTRADORES DE LA PROPIEDAD DE E","20.000","20.000","20.000","20.000","20.000","200.000","3","TIPSS00005","NORMAL","ZEUS"
"2025-03-30","ES0022000008997624RB1P","3.0TD","2023-06-30","2025-03-31",,"1304","190","LIBERTY SEGUROS COMPAÑIA SEGUROS Y REA","190.000","190.000","190.000","190.000","190.000","190.000","3","TIPSS00005","NORMAL","ZEUS"
"2025-03-30","ES0022000006221627DE1P","3.0TD","2024-07-20",,"2025-04-02","0091","59,4","CASER, SA","50.000",,"55.000",,,,"3","TIPSS00005","NORMAL","ZEUS"
"2025-03-30","ES0022000004987794RR1P","3.0TD","2012-11-22",,"2025-03-15","0091","53","GESTION Y TECNICAS AGUA S.A.","53.000","53.000","53.000","53.000","53.000","53.000","3","TIPSS00005","NORMAL","ZEUS"
"2025-03-30","ES0022000008504105AA1P","3.0TD","2025-01-01",,"2025-03-05","1749","65","IBERMUTUAMUR M.A.T.E.P.S.S 274","24.000","24.000","24.000","24.000","24.000","65.000","3","TIPSS00005","NORMAL","ZEUS"
"2025-03-30","ES0022000006375257LN1P","3.0TD","2023-05-18",,"2025-03-19","0874","100","GRUPO EXTER SA","45.000","45.000","45.000","45.000","45.000","100.000","3","TIPSS00005","NORMAL","ZEUS"
"2025-03-30","ES0022000007732425PL1P","3.0TD","2023-11-21","2025-03-28",,"0652","160","STABLE SYSTEMS, S.L.","160.000","160.000","160.000","160.000","160.000","160.000","3","TIPSS00005","NORMAL","ZEUS"
"2025-03-30","ES0022000008072429WZ1P","3.0TD","2022-02-16","2025-03-31","2024-11-21","1061","160","TRANS SESE, S.L.","55.000","55.000","55.000","55.000","55.000","160.000","3","TIPSS00005","NORMAL","ZEUS"
"2025-03-30","ES0022000008120873SC1P","3.0TD","2024-09-01",,"2025-03-21","0927","66","AYUNTAMIENTO DE MADRID",,,,,,,"3","TIPSS00001","FUERZA","ZEUS"
"2025-03-30","ES0022000001573689AQ1P",,,,,,"",,,,,,,,"3","TIPSS00008","TIPSS00008",
"2025-03-30","ES0022000001282347DS1P","3.0TD","2024-11-04",,"2025-03-17","0091","99","CC.PP. MODESTO LA FUENTE 67 CV MAUDES 49 CV A","80.000","80.000","80.000","80.000","80.000","80.000","3","TIPSS00056","SIN TIPOLOGÍA ASIGNADA","ZEUS"
"2025-03-30","ES0022000007993287BS1P","3.0TD","2023-02-09","2025-03-31",,"1000","100","PODEMOS","60.000","60.000","60.000","60.000","60.000","100.000","3","TIPSS00070","32-AUTOCONSUMO CONSUMIDOR CON EXCEDENTES CON COMPENSACIÓN INDIVIDUAL RED INTERIOR","ZEUS"
"2025-03-30","ES0022000001344538EZ1P","3.0TD","2024-12-09","2025-03-03",,"1343","95","F TOME SA","95.000","95.000","95.000","95.000","95.000","95.000","3","TIPSS00005","NORMAL","ZEUS"
"2025-03-30","ES0022000007959248AQ1P","3.0TD","2020-11-14","2025-03-28","2021-06-01","1348","50,7","TABERNAS BIENMESABE, S.L.","50.700","50.700","50.700","50.700","50.700","50.700","3","TIPSS00005","NORMAL","ZEUS"
